,result,documentation,terms_of_use,time_last_update_unix,time_last_update_utc,time_next_update_unix,time_next_update_utc,base_code,conversion_rates
TRY,success,https://www.exchangerate-api.com/docs,https://www.exchangerate-api.com/terms,1746057601,"Thu, 01 May 2025 00:00:01 +0000",1746144001,"Fri, 02 May 2025 00:00:01 +0000",TRY,1.0
AED,success,https://www.exchangerate-api.com/docs,https://www.exchangerate-api.com/terms,1746057601,"Thu, 01 May 2025 00:00:01 +0000",1746144001,"Fri, 02 May 2025 00:00:01 +0000",TRY,0.09535
AFN,success,https://www.exchangerate-api.com/docs,https://www.exchangerate-api.com/terms,1746057601,"Thu, 01 May 2025 00:00:01 +0000",1746144001,"Fri, 02 May 2025 00:00:01 +0000",TRY,1.8421
ALL,success,https://www.exchangerate-api.com/docs,https://www.exchangerate-api.com/terms,1746057601,"Thu, 01 May 2025 00:00:01 +0000",1746144001,"Fri, 02 May 2025 00:00:01 +0000",TRY,2.2577
AMD,success,https://www.exchangerate-api.com/docs,https://www.exchangerate-api.com/terms,1746057601,"Thu, 01 May 2025 00:00:01 +0000",1746144001,"Fri, 02 May 2025 00:00:01 +0000",TRY,10.1453
ANG,success,https://www.exchangerate-api.com/docs,https://www.exchangerate-api.com/terms,1746057601,"Thu, 01 May 2025 00:00:01 +0000",1746144001,"Fri, 02 May 2025 00:00:01 +0000",TRY,0.046470000000000004
AOA,success,https://www.exchangerate-api.com/docs,https://www.exchangerate-api.com/terms,1746057601,"Thu, 01 May 2025 00:00:01 +0000",1746144001,"Fri, 02 May 2025 00:00:01 +0000",TRY,24.1765
ARS,success,https://www.exchangerate-api.com/docs,https://www.exchangerate-api.com/terms,1746057601,"Thu, 01 May 2025 00:00:01 +0000",1746144001,"Fri, 02 May 2025 00:00:01 +0000",TRY,30.4291
AUD,success,https://www.exchangerate-api.com/docs,https://www.exchangerate-api.com/terms,1746057601,"Thu, 01 May 2025 00:00:01 +0000",1746144001,"Fri, 02 May 2025 00:00:01 +0000",TRY,0.04055
AWG,success,https://www.exchangerate-api.com/docs,https://www.exchangerate-api.com/terms,1746057601,"Thu, 01 May 2025 00:00:01 +0000",1746144001,"Fri, 02 May 2025 00:00:01 +0000",TRY,0.046470000000000004
AZN,success,https://www.exchangerate-api.com/docs,https://www.exchangerate-api.com/terms,1746057601,"Thu, 01 May 2025 00:00:01 +0000",1746144001,"Fri, 02 May 2025 00:00:01 +0000",TRY,0.044160000000000005
BAM,success,https://www.exchangerate-api.com/docs,https://www.exchangerate-api.com/terms,1746057601,"Thu, 01 May 2025 00:00:01 +0000",1746144001,"Fri, 02 May 2025 00:00:01 +0000",TRY,0.044750000000000005
BBD,success,https://www.exchangerate-api.com/docs,https://www.exchangerate-api.com/terms,1746057601,"Thu, 01 May 2025 00:00:01 +0000",1746144001,"Fri, 02 May 2025 00:00:01 +0000",TRY,0.051930000000000004
BDT,success,https://www.exchangerate-api.com/docs,https://www.exchangerate-api.com/terms,1746057601,"Thu, 01 May 2025 00:00:01 +0000",1746144001,"Fri, 02 May 2025 00:00:01 +0000",TRY,3.156
BGN,success,https://www.exchangerate-api.com/docs,https://www.exchangerate-api.com/terms,1746057601,"Thu, 01 May 2025 00:00:01 +0000",1746144001,"Fri, 02 May 2025 00:00:01 +0000",TRY,0.04474
BHD,success,https://www.exchangerate-api.com/docs,https://www.exchangerate-api.com/terms,1746057601,"Thu, 01 May 2025 00:00:01 +0000",1746144001,"Fri, 02 May 2025 00:00:01 +0000",TRY,0.009762
BIF,success,https://www.exchangerate-api.com/docs,https://www.exchangerate-api.com/terms,1746057601,"Thu, 01 May 2025 00:00:01 +0000",1746144001,"Fri, 02 May 2025 00:00:01 +0000",TRY,77.2913
BMD,success,https://www.exchangerate-api.com/docs,https://www.exchangerate-api.com/terms,1746057601,"Thu, 01 May 2025 00:00:01 +0000",1746144001,"Fri, 02 May 2025 00:00:01 +0000",TRY,0.02596
BND,success,https://www.exchangerate-api.com/docs,https://www.exchangerate-api.com/terms,1746057601,"Thu, 01 May 2025 00:00:01 +0000",1746144001,"Fri, 02 May 2025 00:00:01 +0000",TRY,0.0339
BOB,success,https://www.exchangerate-api.com/docs,https://www.exchangerate-api.com/terms,1746057601,"Thu, 01 May 2025 00:00:01 +0000",1746144001,"Fri, 02 May 2025 00:00:01 +0000",TRY,0.17980000000000002
BRL,success,https://www.exchangerate-api.com/docs,https://www.exchangerate-api.com/terms,1746057601,"Thu, 01 May 2025 00:00:01 +0000",1746144001,"Fri, 02 May 2025 00:00:01 +0000",TRY,0.1459
BSD,success,https://www.exchangerate-api.com/docs,https://www.exchangerate-api.com/terms,1746057601,"Thu, 01 May 2025 00:00:01 +0000",1746144001,"Fri, 02 May 2025 00:00:01 +0000",TRY,0.02596
BTN,success,https://www.exchangerate-api.com/docs,https://www.exchangerate-api.com/terms,1746057601,"Thu, 01 May 2025 00:00:01 +0000",1746144001,"Fri, 02 May 2025 00:00:01 +0000",TRY,2.1952
BWP,success,https://www.exchangerate-api.com/docs,https://www.exchangerate-api.com/terms,1746057601,"Thu, 01 May 2025 00:00:01 +0000",1746144001,"Fri, 02 May 2025 00:00:01 +0000",TRY,0.3552
BYN,success,https://www.exchangerate-api.com/docs,https://www.exchangerate-api.com/terms,1746057601,"Thu, 01 May 2025 00:00:01 +0000",1746144001,"Fri, 02 May 2025 00:00:01 +0000",TRY,0.08161
BZD,success,https://www.exchangerate-api.com/docs,https://www.exchangerate-api.com/terms,1746057601,"Thu, 01 May 2025 00:00:01 +0000",1746144001,"Fri, 02 May 2025 00:00:01 +0000",TRY,0.051930000000000004
CAD,success,https://www.exchangerate-api.com/docs,https://www.exchangerate-api.com/terms,1746057601,"Thu, 01 May 2025 00:00:01 +0000",1746144001,"Fri, 02 May 2025 00:00:01 +0000",TRY,0.03581
CDF,success,https://www.exchangerate-api.com/docs,https://www.exchangerate-api.com/terms,1746057601,"Thu, 01 May 2025 00:00:01 +0000",1746144001,"Fri, 02 May 2025 00:00:01 +0000",TRY,75.1038
CHF,success,https://www.exchangerate-api.com/docs,https://www.exchangerate-api.com/terms,1746057601,"Thu, 01 May 2025 00:00:01 +0000",1746144001,"Fri, 02 May 2025 00:00:01 +0000",TRY,0.021410000000000002
CLP,success,https://www.exchangerate-api.com/docs,https://www.exchangerate-api.com/terms,1746057601,"Thu, 01 May 2025 00:00:01 +0000",1746144001,"Fri, 02 May 2025 00:00:01 +0000",TRY,24.5162
CNY,success,https://www.exchangerate-api.com/docs,https://www.exchangerate-api.com/terms,1746057601,"Thu, 01 May 2025 00:00:01 +0000",1746144001,"Fri, 02 May 2025 00:00:01 +0000",TRY,0.18860000000000002
COP,success,https://www.exchangerate-api.com/docs,https://www.exchangerate-api.com/terms,1746057601,"Thu, 01 May 2025 00:00:01 +0000",1746144001,"Fri, 02 May 2025 00:00:01 +0000",TRY,108.9725
CRC,success,https://www.exchangerate-api.com/docs,https://www.exchangerate-api.com/terms,1746057601,"Thu, 01 May 2025 00:00:01 +0000",1746144001,"Fri, 02 May 2025 00:00:01 +0000",TRY,13.1287
CUP,success,https://www.exchangerate-api.com/docs,https://www.exchangerate-api.com/terms,1746057601,"Thu, 01 May 2025 00:00:01 +0000",1746144001,"Fri, 02 May 2025 00:00:01 +0000",TRY,0.6231
CVE,success,https://www.exchangerate-api.com/docs,https://www.exchangerate-api.com/terms,1746057601,"Thu, 01 May 2025 00:00:01 +0000",1746144001,"Fri, 02 May 2025 00:00:01 +0000",TRY,2.5227
CZK,success,https://www.exchangerate-api.com/docs,https://www.exchangerate-api.com/terms,1746057601,"Thu, 01 May 2025 00:00:01 +0000",1746144001,"Fri, 02 May 2025 00:00:01 +0000",TRY,0.5694
DJF,success,https://www.exchangerate-api.com/docs,https://www.exchangerate-api.com/terms,1746057601,"Thu, 01 May 2025 00:00:01 +0000",1746144001,"Fri, 02 May 2025 00:00:01 +0000",TRY,4.6142
DKK,success,https://www.exchangerate-api.com/docs,https://www.exchangerate-api.com/terms,1746057601,"Thu, 01 May 2025 00:00:01 +0000",1746144001,"Fri, 02 May 2025 00:00:01 +0000",TRY,0.1706
DOP,success,https://www.exchangerate-api.com/docs,https://www.exchangerate-api.com/terms,1746057601,"Thu, 01 May 2025 00:00:01 +0000",1746144001,"Fri, 02 May 2025 00:00:01 +0000",TRY,1.5296
DZD,success,https://www.exchangerate-api.com/docs,https://www.exchangerate-api.com/terms,1746057601,"Thu, 01 May 2025 00:00:01 +0000",1746144001,"Fri, 02 May 2025 00:00:01 +0000",TRY,3.4403
EGP,success,https://www.exchangerate-api.com/docs,https://www.exchangerate-api.com/terms,1746057601,"Thu, 01 May 2025 00:00:01 +0000",1746144001,"Fri, 02 May 2025 00:00:01 +0000",TRY,1.3195999999999999
ERN,success,https://www.exchangerate-api.com/docs,https://www.exchangerate-api.com/terms,1746057601,"Thu, 01 May 2025 00:00:01 +0000",1746144001,"Fri, 02 May 2025 00:00:01 +0000",TRY,0.3895
ETB,success,https://www.exchangerate-api.com/docs,https://www.exchangerate-api.com/terms,1746057601,"Thu, 01 May 2025 00:00:01 +0000",1746144001,"Fri, 02 May 2025 00:00:01 +0000",TRY,3.4871
EUR,success,https://www.exchangerate-api.com/docs,https://www.exchangerate-api.com/terms,1746057601,"Thu, 01 May 2025 00:00:01 +0000",1746144001,"Fri, 02 May 2025 00:00:01 +0000",TRY,0.02288
FJD,success,https://www.exchangerate-api.com/docs,https://www.exchangerate-api.com/terms,1746057601,"Thu, 01 May 2025 00:00:01 +0000",1746144001,"Fri, 02 May 2025 00:00:01 +0000",TRY,0.05872
FKP,success,https://www.exchangerate-api.com/docs,https://www.exchangerate-api.com/terms,1746057601,"Thu, 01 May 2025 00:00:01 +0000",1746144001,"Fri, 02 May 2025 00:00:01 +0000",TRY,0.01946
FOK,success,https://www.exchangerate-api.com/docs,https://www.exchangerate-api.com/terms,1746057601,"Thu, 01 May 2025 00:00:01 +0000",1746144001,"Fri, 02 May 2025 00:00:01 +0000",TRY,0.17070000000000002
GBP,success,https://www.exchangerate-api.com/docs,https://www.exchangerate-api.com/terms,1746057601,"Thu, 01 May 2025 00:00:01 +0000",1746144001,"Fri, 02 May 2025 00:00:01 +0000",TRY,0.019450000000000002
GEL,success,https://www.exchangerate-api.com/docs,https://www.exchangerate-api.com/terms,1746057601,"Thu, 01 May 2025 00:00:01 +0000",1746144001,"Fri, 02 May 2025 00:00:01 +0000",TRY,0.07141
GGP,success,https://www.exchangerate-api.com/docs,https://www.exchangerate-api.com/terms,1746057601,"Thu, 01 May 2025 00:00:01 +0000",1746144001,"Fri, 02 May 2025 00:00:01 +0000",TRY,0.01946
GHS,success,https://www.exchangerate-api.com/docs,https://www.exchangerate-api.com/terms,1746057601,"Thu, 01 May 2025 00:00:01 +0000",1746144001,"Fri, 02 May 2025 00:00:01 +0000",TRY,0.3689
GIP,success,https://www.exchangerate-api.com/docs,https://www.exchangerate-api.com/terms,1746057601,"Thu, 01 May 2025 00:00:01 +0000",1746144001,"Fri, 02 May 2025 00:00:01 +0000",TRY,0.01946
GMD,success,https://www.exchangerate-api.com/docs,https://www.exchangerate-api.com/terms,1746057601,"Thu, 01 May 2025 00:00:01 +0000",1746144001,"Fri, 02 May 2025 00:00:01 +0000",TRY,1.8855
GNF,success,https://www.exchangerate-api.com/docs,https://www.exchangerate-api.com/terms,1746057601,"Thu, 01 May 2025 00:00:01 +0000",1746144001,"Fri, 02 May 2025 00:00:01 +0000",TRY,225.6419
GTQ,success,https://www.exchangerate-api.com/docs,https://www.exchangerate-api.com/terms,1746057601,"Thu, 01 May 2025 00:00:01 +0000",1746144001,"Fri, 02 May 2025 00:00:01 +0000",TRY,0.2001
GYD,success,https://www.exchangerate-api.com/docs,https://www.exchangerate-api.com/terms,1746057601,"Thu, 01 May 2025 00:00:01 +0000",1746144001,"Fri, 02 May 2025 00:00:01 +0000",TRY,5.4527
HKD,success,https://www.exchangerate-api.com/docs,https://www.exchangerate-api.com/terms,1746057601,"Thu, 01 May 2025 00:00:01 +0000",1746144001,"Fri, 02 May 2025 00:00:01 +0000",TRY,0.2015
HNL,success,https://www.exchangerate-api.com/docs,https://www.exchangerate-api.com/terms,1746057601,"Thu, 01 May 2025 00:00:01 +0000",1746144001,"Fri, 02 May 2025 00:00:01 +0000",TRY,0.6741
HRK,success,https://www.exchangerate-api.com/docs,https://www.exchangerate-api.com/terms,1746057601,"Thu, 01 May 2025 00:00:01 +0000",1746144001,"Fri, 02 May 2025 00:00:01 +0000",TRY,0.1724
HTG,success,https://www.exchangerate-api.com/docs,https://www.exchangerate-api.com/terms,1746057601,"Thu, 01 May 2025 00:00:01 +0000",1746144001,"Fri, 02 May 2025 00:00:01 +0000",TRY,3.3963
HUF,success,https://www.exchangerate-api.com/docs,https://www.exchangerate-api.com/terms,1746057601,"Thu, 01 May 2025 00:00:01 +0000",1746144001,"Fri, 02 May 2025 00:00:01 +0000",TRY,9.2352
IDR,success,https://www.exchangerate-api.com/docs,https://www.exchangerate-api.com/terms,1746057601,"Thu, 01 May 2025 00:00:01 +0000",1746144001,"Fri, 02 May 2025 00:00:01 +0000",TRY,431.6313
ILS,success,https://www.exchangerate-api.com/docs,https://www.exchangerate-api.com/terms,1746057601,"Thu, 01 May 2025 00:00:01 +0000",1746144001,"Fri, 02 May 2025 00:00:01 +0000",TRY,0.09426000000000001
IMP,success,https://www.exchangerate-api.com/docs,https://www.exchangerate-api.com/terms,1746057601,"Thu, 01 May 2025 00:00:01 +0000",1746144001,"Fri, 02 May 2025 00:00:01 +0000",TRY,0.01946
INR,success,https://www.exchangerate-api.com/docs,https://www.exchangerate-api.com/terms,1746057601,"Thu, 01 May 2025 00:00:01 +0000",1746144001,"Fri, 02 May 2025 00:00:01 +0000",TRY,2.1953
IQD,success,https://www.exchangerate-api.com/docs,https://www.exchangerate-api.com/terms,1746057601,"Thu, 01 May 2025 00:00:01 +0000",1746144001,"Fri, 02 May 2025 00:00:01 +0000",TRY,34.0214
IRR,success,https://www.exchangerate-api.com/docs,https://www.exchangerate-api.com/terms,1746057601,"Thu, 01 May 2025 00:00:01 +0000",1746144001,"Fri, 02 May 2025 00:00:01 +0000",TRY,1110.8334
ISK,success,https://www.exchangerate-api.com/docs,https://www.exchangerate-api.com/terms,1746057601,"Thu, 01 May 2025 00:00:01 +0000",1746144001,"Fri, 02 May 2025 00:00:01 +0000",TRY,3.3305
JEP,success,https://www.exchangerate-api.com/docs,https://www.exchangerate-api.com/terms,1746057601,"Thu, 01 May 2025 00:00:01 +0000",1746144001,"Fri, 02 May 2025 00:00:01 +0000",TRY,0.01946
JMD,success,https://www.exchangerate-api.com/docs,https://www.exchangerate-api.com/terms,1746057601,"Thu, 01 May 2025 00:00:01 +0000",1746144001,"Fri, 02 May 2025 00:00:01 +0000",TRY,4.1112
JOD,success,https://www.exchangerate-api.com/docs,https://www.exchangerate-api.com/terms,1746057601,"Thu, 01 May 2025 00:00:01 +0000",1746144001,"Fri, 02 May 2025 00:00:01 +0000",TRY,0.018410000000000003
JPY,success,https://www.exchangerate-api.com/docs,https://www.exchangerate-api.com/terms,1746057601,"Thu, 01 May 2025 00:00:01 +0000",1746144001,"Fri, 02 May 2025 00:00:01 +0000",TRY,3.708
KES,success,https://www.exchangerate-api.com/docs,https://www.exchangerate-api.com/terms,1746057601,"Thu, 01 May 2025 00:00:01 +0000",1746144001,"Fri, 02 May 2025 00:00:01 +0000",TRY,3.3554
KGS,success,https://www.exchangerate-api.com/docs,https://www.exchangerate-api.com/terms,1746057601,"Thu, 01 May 2025 00:00:01 +0000",1746144001,"Fri, 02 May 2025 00:00:01 +0000",TRY,2.27
KHR,success,https://www.exchangerate-api.com/docs,https://www.exchangerate-api.com/terms,1746057601,"Thu, 01 May 2025 00:00:01 +0000",1746144001,"Fri, 02 May 2025 00:00:01 +0000",TRY,104.75
KID,success,https://www.exchangerate-api.com/docs,https://www.exchangerate-api.com/terms,1746057601,"Thu, 01 May 2025 00:00:01 +0000",1746144001,"Fri, 02 May 2025 00:00:01 +0000",TRY,0.040580000000000005
KMF,success,https://www.exchangerate-api.com/docs,https://www.exchangerate-api.com/terms,1746057601,"Thu, 01 May 2025 00:00:01 +0000",1746144001,"Fri, 02 May 2025 00:00:01 +0000",TRY,11.2553
KRW,success,https://www.exchangerate-api.com/docs,https://www.exchangerate-api.com/terms,1746057601,"Thu, 01 May 2025 00:00:01 +0000",1746144001,"Fri, 02 May 2025 00:00:01 +0000",TRY,36.9945
KWD,success,https://www.exchangerate-api.com/docs,https://www.exchangerate-api.com/terms,1746057601,"Thu, 01 May 2025 00:00:01 +0000",1746144001,"Fri, 02 May 2025 00:00:01 +0000",TRY,0.007958999999999999
KYD,success,https://www.exchangerate-api.com/docs,https://www.exchangerate-api.com/terms,1746057601,"Thu, 01 May 2025 00:00:01 +0000",1746144001,"Fri, 02 May 2025 00:00:01 +0000",TRY,0.021640000000000003
KZT,success,https://www.exchangerate-api.com/docs,https://www.exchangerate-api.com/terms,1746057601,"Thu, 01 May 2025 00:00:01 +0000",1746144001,"Fri, 02 May 2025 00:00:01 +0000",TRY,13.3216
LAK,success,https://www.exchangerate-api.com/docs,https://www.exchangerate-api.com/terms,1746057601,"Thu, 01 May 2025 00:00:01 +0000",1746144001,"Fri, 02 May 2025 00:00:01 +0000",TRY,564.4277
LBP,success,https://www.exchangerate-api.com/docs,https://www.exchangerate-api.com/terms,1746057601,"Thu, 01 May 2025 00:00:01 +0000",1746144001,"Fri, 02 May 2025 00:00:01 +0000",TRY,2323.7216
LKR,success,https://www.exchangerate-api.com/docs,https://www.exchangerate-api.com/terms,1746057601,"Thu, 01 May 2025 00:00:01 +0000",1746144001,"Fri, 02 May 2025 00:00:01 +0000",TRY,7.7681000000000004
LRD,success,https://www.exchangerate-api.com/docs,https://www.exchangerate-api.com/terms,1746057601,"Thu, 01 May 2025 00:00:01 +0000",1746144001,"Fri, 02 May 2025 00:00:01 +0000",TRY,5.1947
LSL,success,https://www.exchangerate-api.com/docs,https://www.exchangerate-api.com/terms,1746057601,"Thu, 01 May 2025 00:00:01 +0000",1746144001,"Fri, 02 May 2025 00:00:01 +0000",TRY,0.482
LYD,success,https://www.exchangerate-api.com/docs,https://www.exchangerate-api.com/terms,1746057601,"Thu, 01 May 2025 00:00:01 +0000",1746144001,"Fri, 02 May 2025 00:00:01 +0000",TRY,0.1419
MAD,success,https://www.exchangerate-api.com/docs,https://www.exchangerate-api.com/terms,1746057601,"Thu, 01 May 2025 00:00:01 +0000",1746144001,"Fri, 02 May 2025 00:00:01 +0000",TRY,0.2403
MDL,success,https://www.exchangerate-api.com/docs,https://www.exchangerate-api.com/terms,1746057601,"Thu, 01 May 2025 00:00:01 +0000",1746144001,"Fri, 02 May 2025 00:00:01 +0000",TRY,0.4461
MGA,success,https://www.exchangerate-api.com/docs,https://www.exchangerate-api.com/terms,1746057601,"Thu, 01 May 2025 00:00:01 +0000",1746144001,"Fri, 02 May 2025 00:00:01 +0000",TRY,117.0735
MKD,success,https://www.exchangerate-api.com/docs,https://www.exchangerate-api.com/terms,1746057601,"Thu, 01 May 2025 00:00:01 +0000",1746144001,"Fri, 02 May 2025 00:00:01 +0000",TRY,1.4098
MMK,success,https://www.exchangerate-api.com/docs,https://www.exchangerate-api.com/terms,1746057601,"Thu, 01 May 2025 00:00:01 +0000",1746144001,"Fri, 02 May 2025 00:00:01 +0000",TRY,54.5242
MNT,success,https://www.exchangerate-api.com/docs,https://www.exchangerate-api.com/terms,1746057601,"Thu, 01 May 2025 00:00:01 +0000",1746144001,"Fri, 02 May 2025 00:00:01 +0000",TRY,92.4929
MOP,success,https://www.exchangerate-api.com/docs,https://www.exchangerate-api.com/terms,1746057601,"Thu, 01 May 2025 00:00:01 +0000",1746144001,"Fri, 02 May 2025 00:00:01 +0000",TRY,0.2076
MRU,success,https://www.exchangerate-api.com/docs,https://www.exchangerate-api.com/terms,1746057601,"Thu, 01 May 2025 00:00:01 +0000",1746144001,"Fri, 02 May 2025 00:00:01 +0000",TRY,1.0323
MUR,success,https://www.exchangerate-api.com/docs,https://www.exchangerate-api.com/terms,1746057601,"Thu, 01 May 2025 00:00:01 +0000",1746144001,"Fri, 02 May 2025 00:00:01 +0000",TRY,1.1728
MVR,success,https://www.exchangerate-api.com/docs,https://www.exchangerate-api.com/terms,1746057601,"Thu, 01 May 2025 00:00:01 +0000",1746144001,"Fri, 02 May 2025 00:00:01 +0000",TRY,0.40140000000000003
MWK,success,https://www.exchangerate-api.com/docs,https://www.exchangerate-api.com/terms,1746057601,"Thu, 01 May 2025 00:00:01 +0000",1746144001,"Fri, 02 May 2025 00:00:01 +0000",TRY,45.1781
MXN,success,https://www.exchangerate-api.com/docs,https://www.exchangerate-api.com/terms,1746057601,"Thu, 01 May 2025 00:00:01 +0000",1746144001,"Fri, 02 May 2025 00:00:01 +0000",TRY,0.5079
MYR,success,https://www.exchangerate-api.com/docs,https://www.exchangerate-api.com/terms,1746057601,"Thu, 01 May 2025 00:00:01 +0000",1746144001,"Fri, 02 May 2025 00:00:01 +0000",TRY,0.112
MZN,success,https://www.exchangerate-api.com/docs,https://www.exchangerate-api.com/terms,1746057601,"Thu, 01 May 2025 00:00:01 +0000",1746144001,"Fri, 02 May 2025 00:00:01 +0000",TRY,1.6575000000000002
NAD,success,https://www.exchangerate-api.com/docs,https://www.exchangerate-api.com/terms,1746057601,"Thu, 01 May 2025 00:00:01 +0000",1746144001,"Fri, 02 May 2025 00:00:01 +0000",TRY,0.482
NGN,success,https://www.exchangerate-api.com/docs,https://www.exchangerate-api.com/terms,1746057601,"Thu, 01 May 2025 00:00:01 +0000",1746144001,"Fri, 02 May 2025 00:00:01 +0000",TRY,41.5632
NIO,success,https://www.exchangerate-api.com/docs,https://www.exchangerate-api.com/terms,1746057601,"Thu, 01 May 2025 00:00:01 +0000",1746144001,"Fri, 02 May 2025 00:00:01 +0000",TRY,0.9559000000000001
NOK,success,https://www.exchangerate-api.com/docs,https://www.exchangerate-api.com/terms,1746057601,"Thu, 01 May 2025 00:00:01 +0000",1746144001,"Fri, 02 May 2025 00:00:01 +0000",TRY,0.2697
NPR,success,https://www.exchangerate-api.com/docs,https://www.exchangerate-api.com/terms,1746057601,"Thu, 01 May 2025 00:00:01 +0000",1746144001,"Fri, 02 May 2025 00:00:01 +0000",TRY,3.5124
NZD,success,https://www.exchangerate-api.com/docs,https://www.exchangerate-api.com/terms,1746057601,"Thu, 01 May 2025 00:00:01 +0000",1746144001,"Fri, 02 May 2025 00:00:01 +0000",TRY,0.04381
OMR,success,https://www.exchangerate-api.com/docs,https://www.exchangerate-api.com/terms,1746057601,"Thu, 01 May 2025 00:00:01 +0000",1746144001,"Fri, 02 May 2025 00:00:01 +0000",TRY,0.009982999999999999
PAB,success,https://www.exchangerate-api.com/docs,https://www.exchangerate-api.com/terms,1746057601,"Thu, 01 May 2025 00:00:01 +0000",1746144001,"Fri, 02 May 2025 00:00:01 +0000",TRY,0.02596
PEN,success,https://www.exchangerate-api.com/docs,https://www.exchangerate-api.com/terms,1746057601,"Thu, 01 May 2025 00:00:01 +0000",1746144001,"Fri, 02 May 2025 00:00:01 +0000",TRY,0.09536000000000001
PGK,success,https://www.exchangerate-api.com/docs,https://www.exchangerate-api.com/terms,1746057601,"Thu, 01 May 2025 00:00:01 +0000",1746144001,"Fri, 02 May 2025 00:00:01 +0000",TRY,0.10640000000000001
PHP,success,https://www.exchangerate-api.com/docs,https://www.exchangerate-api.com/terms,1746057601,"Thu, 01 May 2025 00:00:01 +0000",1746144001,"Fri, 02 May 2025 00:00:01 +0000",TRY,1.4498
PKR,success,https://www.exchangerate-api.com/docs,https://www.exchangerate-api.com/terms,1746057601,"Thu, 01 May 2025 00:00:01 +0000",1746144001,"Fri, 02 May 2025 00:00:01 +0000",TRY,7.2969
PLN,success,https://www.exchangerate-api.com/docs,https://www.exchangerate-api.com/terms,1746057601,"Thu, 01 May 2025 00:00:01 +0000",1746144001,"Fri, 02 May 2025 00:00:01 +0000",TRY,0.09770000000000001
PYG,success,https://www.exchangerate-api.com/docs,https://www.exchangerate-api.com/terms,1746057601,"Thu, 01 May 2025 00:00:01 +0000",1746144001,"Fri, 02 May 2025 00:00:01 +0000",TRY,208.5919
QAR,success,https://www.exchangerate-api.com/docs,https://www.exchangerate-api.com/terms,1746057601,"Thu, 01 May 2025 00:00:01 +0000",1746144001,"Fri, 02 May 2025 00:00:01 +0000",TRY,0.09451000000000001
RON,success,https://www.exchangerate-api.com/docs,https://www.exchangerate-api.com/terms,1746057601,"Thu, 01 May 2025 00:00:01 +0000",1746144001,"Fri, 02 May 2025 00:00:01 +0000",TRY,0.11370000000000001
RSD,success,https://www.exchangerate-api.com/docs,https://www.exchangerate-api.com/terms,1746057601,"Thu, 01 May 2025 00:00:01 +0000",1746144001,"Fri, 02 May 2025 00:00:01 +0000",TRY,2.6785
RUB,success,https://www.exchangerate-api.com/docs,https://www.exchangerate-api.com/terms,1746057601,"Thu, 01 May 2025 00:00:01 +0000",1746144001,"Fri, 02 May 2025 00:00:01 +0000",TRY,2.1238
RWF,success,https://www.exchangerate-api.com/docs,https://www.exchangerate-api.com/terms,1746057601,"Thu, 01 May 2025 00:00:01 +0000",1746144001,"Fri, 02 May 2025 00:00:01 +0000",TRY,37.3346
SAR,success,https://www.exchangerate-api.com/docs,https://www.exchangerate-api.com/terms,1746057601,"Thu, 01 May 2025 00:00:01 +0000",1746144001,"Fri, 02 May 2025 00:00:01 +0000",TRY,0.09736
SBD,success,https://www.exchangerate-api.com/docs,https://www.exchangerate-api.com/terms,1746057601,"Thu, 01 May 2025 00:00:01 +0000",1746144001,"Fri, 02 May 2025 00:00:01 +0000",TRY,0.22110000000000002
SCR,success,https://www.exchangerate-api.com/docs,https://www.exchangerate-api.com/terms,1746057601,"Thu, 01 May 2025 00:00:01 +0000",1746144001,"Fri, 02 May 2025 00:00:01 +0000",TRY,0.37620000000000003
SDG,success,https://www.exchangerate-api.com/docs,https://www.exchangerate-api.com/terms,1746057601,"Thu, 01 May 2025 00:00:01 +0000",1746144001,"Fri, 02 May 2025 00:00:01 +0000",TRY,11.6219
SEK,success,https://www.exchangerate-api.com/docs,https://www.exchangerate-api.com/terms,1746057601,"Thu, 01 May 2025 00:00:01 +0000",1746144001,"Fri, 02 May 2025 00:00:01 +0000",TRY,0.2506
SGD,success,https://www.exchangerate-api.com/docs,https://www.exchangerate-api.com/terms,1746057601,"Thu, 01 May 2025 00:00:01 +0000",1746144001,"Fri, 02 May 2025 00:00:01 +0000",TRY,0.03391
SHP,success,https://www.exchangerate-api.com/docs,https://www.exchangerate-api.com/terms,1746057601,"Thu, 01 May 2025 00:00:01 +0000",1746144001,"Fri, 02 May 2025 00:00:01 +0000",TRY,0.01946
SLE,success,https://www.exchangerate-api.com/docs,https://www.exchangerate-api.com/terms,1746057601,"Thu, 01 May 2025 00:00:01 +0000",1746144001,"Fri, 02 May 2025 00:00:01 +0000",TRY,0.59
SLL,success,https://www.exchangerate-api.com/docs,https://www.exchangerate-api.com/terms,1746057601,"Thu, 01 May 2025 00:00:01 +0000",1746144001,"Fri, 02 May 2025 00:00:01 +0000",TRY,590.0428
SOS,success,https://www.exchangerate-api.com/docs,https://www.exchangerate-api.com/terms,1746057601,"Thu, 01 May 2025 00:00:01 +0000",1746144001,"Fri, 02 May 2025 00:00:01 +0000",TRY,14.8526
SRD,success,https://www.exchangerate-api.com/docs,https://www.exchangerate-api.com/terms,1746057601,"Thu, 01 May 2025 00:00:01 +0000",1746144001,"Fri, 02 May 2025 00:00:01 +0000",TRY,0.9539000000000001
SSP,success,https://www.exchangerate-api.com/docs,https://www.exchangerate-api.com/terms,1746057601,"Thu, 01 May 2025 00:00:01 +0000",1746144001,"Fri, 02 May 2025 00:00:01 +0000",TRY,119.156
STN,success,https://www.exchangerate-api.com/docs,https://www.exchangerate-api.com/terms,1746057601,"Thu, 01 May 2025 00:00:01 +0000",1746144001,"Fri, 02 May 2025 00:00:01 +0000",TRY,0.5605
SYP,success,https://www.exchangerate-api.com/docs,https://www.exchangerate-api.com/terms,1746057601,"Thu, 01 May 2025 00:00:01 +0000",1746144001,"Fri, 02 May 2025 00:00:01 +0000",TRY,334.516
SZL,success,https://www.exchangerate-api.com/docs,https://www.exchangerate-api.com/terms,1746057601,"Thu, 01 May 2025 00:00:01 +0000",1746144001,"Fri, 02 May 2025 00:00:01 +0000",TRY,0.482
THB,success,https://www.exchangerate-api.com/docs,https://www.exchangerate-api.com/terms,1746057601,"Thu, 01 May 2025 00:00:01 +0000",1746144001,"Fri, 02 May 2025 00:00:01 +0000",TRY,0.8661000000000001
TJS,success,https://www.exchangerate-api.com/docs,https://www.exchangerate-api.com/terms,1746057601,"Thu, 01 May 2025 00:00:01 +0000",1746144001,"Fri, 02 May 2025 00:00:01 +0000",TRY,0.2753
TMT,success,https://www.exchangerate-api.com/docs,https://www.exchangerate-api.com/terms,1746057601,"Thu, 01 May 2025 00:00:01 +0000",1746144001,"Fri, 02 May 2025 00:00:01 +0000",TRY,0.09090000000000001
TND,success,https://www.exchangerate-api.com/docs,https://www.exchangerate-api.com/terms,1746057601,"Thu, 01 May 2025 00:00:01 +0000",1746144001,"Fri, 02 May 2025 00:00:01 +0000",TRY,0.07714
TOP,success,https://www.exchangerate-api.com/docs,https://www.exchangerate-api.com/terms,1746057601,"Thu, 01 May 2025 00:00:01 +0000",1746144001,"Fri, 02 May 2025 00:00:01 +0000",TRY,0.06254
TTD,success,https://www.exchangerate-api.com/docs,https://www.exchangerate-api.com/terms,1746057601,"Thu, 01 May 2025 00:00:01 +0000",1746144001,"Fri, 02 May 2025 00:00:01 +0000",TRY,0.176
TVD,success,https://www.exchangerate-api.com/docs,https://www.exchangerate-api.com/terms,1746057601,"Thu, 01 May 2025 00:00:01 +0000",1746144001,"Fri, 02 May 2025 00:00:01 +0000",TRY,0.040580000000000005
TWD,success,https://www.exchangerate-api.com/docs,https://www.exchangerate-api.com/terms,1746057601,"Thu, 01 May 2025 00:00:01 +0000",1746144001,"Fri, 02 May 2025 00:00:01 +0000",TRY,0.8323
TZS,success,https://www.exchangerate-api.com/docs,https://www.exchangerate-api.com/terms,1746057601,"Thu, 01 May 2025 00:00:01 +0000",1746144001,"Fri, 02 May 2025 00:00:01 +0000",TRY,69.4886
UAH,success,https://www.exchangerate-api.com/docs,https://www.exchangerate-api.com/terms,1746057601,"Thu, 01 May 2025 00:00:01 +0000",1746144001,"Fri, 02 May 2025 00:00:01 +0000",TRY,1.0788
UGX,success,https://www.exchangerate-api.com/docs,https://www.exchangerate-api.com/terms,1746057601,"Thu, 01 May 2025 00:00:01 +0000",1746144001,"Fri, 02 May 2025 00:00:01 +0000",TRY,94.814
USD,success,https://www.exchangerate-api.com/docs,https://www.exchangerate-api.com/terms,1746057601,"Thu, 01 May 2025 00:00:01 +0000",1746144001,"Fri, 02 May 2025 00:00:01 +0000",TRY,0.02596
UYU,success,https://www.exchangerate-api.com/docs,https://www.exchangerate-api.com/terms,1746057601,"Thu, 01 May 2025 00:00:01 +0000",1746144001,"Fri, 02 May 2025 00:00:01 +0000",TRY,1.0933
UZS,success,https://www.exchangerate-api.com/docs,https://www.exchangerate-api.com/terms,1746057601,"Thu, 01 May 2025 00:00:01 +0000",1746144001,"Fri, 02 May 2025 00:00:01 +0000",TRY,333.9679
VES,success,https://www.exchangerate-api.com/docs,https://www.exchangerate-api.com/terms,1746057601,"Thu, 01 May 2025 00:00:01 +0000",1746144001,"Fri, 02 May 2025 00:00:01 +0000",TRY,2.2767
VND,success,https://www.exchangerate-api.com/docs,https://www.exchangerate-api.com/terms,1746057601,"Thu, 01 May 2025 00:00:01 +0000",1746144001,"Fri, 02 May 2025 00:00:01 +0000",TRY,673.1938
VUV,success,https://www.exchangerate-api.com/docs,https://www.exchangerate-api.com/terms,1746057601,"Thu, 01 May 2025 00:00:01 +0000",1746144001,"Fri, 02 May 2025 00:00:01 +0000",TRY,3.1306
WST,success,https://www.exchangerate-api.com/docs,https://www.exchangerate-api.com/terms,1746057601,"Thu, 01 May 2025 00:00:01 +0000",1746144001,"Fri, 02 May 2025 00:00:01 +0000",TRY,0.07218000000000001
XAF,success,https://www.exchangerate-api.com/docs,https://www.exchangerate-api.com/terms,1746057601,"Thu, 01 May 2025 00:00:01 +0000",1746144001,"Fri, 02 May 2025 00:00:01 +0000",TRY,15.0071
XCD,success,https://www.exchangerate-api.com/docs,https://www.exchangerate-api.com/terms,1746057601,"Thu, 01 May 2025 00:00:01 +0000",1746144001,"Fri, 02 May 2025 00:00:01 +0000",TRY,0.07010000000000001
XCG,success,https://www.exchangerate-api.com/docs,https://www.exchangerate-api.com/terms,1746057601,"Thu, 01 May 2025 00:00:01 +0000",1746144001,"Fri, 02 May 2025 00:00:01 +0000",TRY,0.046470000000000004
XDR,success,https://www.exchangerate-api.com/docs,https://www.exchangerate-api.com/terms,1746057601,"Thu, 01 May 2025 00:00:01 +0000",1746144001,"Fri, 02 May 2025 00:00:01 +0000",TRY,0.019080000000000003
XOF,success,https://www.exchangerate-api.com/docs,https://www.exchangerate-api.com/terms,1746057601,"Thu, 01 May 2025 00:00:01 +0000",1746144001,"Fri, 02 May 2025 00:00:01 +0000",TRY,15.0071
XPF,success,https://www.exchangerate-api.com/docs,https://www.exchangerate-api.com/terms,1746057601,"Thu, 01 May 2025 00:00:01 +0000",1746144001,"Fri, 02 May 2025 00:00:01 +0000",TRY,2.7301
YER,success,https://www.exchangerate-api.com/docs,https://www.exchangerate-api.com/terms,1746057601,"Thu, 01 May 2025 00:00:01 +0000",1746144001,"Fri, 02 May 2025 00:00:01 +0000",TRY,6.3596
ZAR,success,https://www.exchangerate-api.com/docs,https://www.exchangerate-api.com/terms,1746057601,"Thu, 01 May 2025 00:00:01 +0000",1746144001,"Fri, 02 May 2025 00:00:01 +0000",TRY,0.48190000000000005
ZMW,success,https://www.exchangerate-api.com/docs,https://www.exchangerate-api.com/terms,1746057601,"Thu, 01 May 2025 00:00:01 +0000",1746144001,"Fri, 02 May 2025 00:00:01 +0000",TRY,0.7247
ZWL,success,https://www.exchangerate-api.com/docs,https://www.exchangerate-api.com/terms,1746057601,"Thu, 01 May 2025 00:00:01 +0000",1746144001,"Fri, 02 May 2025 00:00:01 +0000",TRY,0.6962
